date,waterbody,site,depth,field_dups,lab_reps,variable,units,value,notes
2021-05-13,hamblin,1,int,NA,1,phyco,rfu,-0.0904000000000002,NA
2021-05-13,hamblin,1,int,NA,2,phyco,rfu,-0.23760000000000048,NA
2021-05-13,shubael,1,int,NA,1,phyco,rfu,0.3060000000000002,NA
2021-05-13,shubael,1,int,NA,2,phyco,rfu,0.9860000000000002,NA
2021-05-13,hamblin,1,int,NA,1,phyco,µg/L,-0.00681130593916422,NA
2021-05-13,hamblin,1,int,NA,2,phyco,µg/L,-0.01790228198169712,NA
2021-05-13,shubael,1,int,NA,1,phyco,µg/L,0.02305596921885233,NA
2021-05-13,shubael,1,int,NA,2,phyco,µg/L,0.07429145637185747,NA
2021-06-28,hamblin,1,int,NA,1,phyco,rfu,0.28879999999999995,NA
2021-06-28,hamblin,1,int,NA,2,phyco,rfu,0.4775999999999999,NA
2021-06-28,hamblin,2,int,NA,1,phyco,rfu,0.5344,NA
2021-06-28,hamblin,2,int,NA,2,phyco,rfu,1.1856,NA
2021-06-28,hamblin,3,int,NA,1,phyco,rfu,-0.04480000000000018,NA
2021-06-28,hamblin,3,int,NA,2,phyco,rfu,-0.3919999999999999,NA
2021-06-28,hamblin,4,int,NA,1,phyco,rfu,0.4368000000000001,NA
2021-06-28,hamblin,4,int,NA,2,phyco,rfu,-0.36079999999999984,NA
2021-06-28,hamblin,b,int,NA,1,phyco,rfu,0.58,NA
2021-06-28,hamblin,b,int,NA,2,phyco,rfu,0.05279999999999973,NA
2021-06-28,hamblin,b,int,NA,3,phyco,rfu,-0.10560000000000004,NA
2021-06-28,shubael,1,int,NA,1,phyco,rfu,1.3648000000000002,NA
2021-06-28,shubael,1,int,NA,2,phyco,rfu,1.9503999999999997,NA
2021-06-28,shubael,2,int,NA,1,phyco,rfu,1.8056000000000003,NA
2021-06-28,shubael,2,int,NA,2,phyco,rfu,1.7368000000000006,NA
2021-06-28,shubael,3,int,NA,1,phyco,rfu,2.7888,NA
2021-06-28,shubael,3,int,NA,2,phyco,rfu,2.6479999999999997,NA
2021-06-28,shubael,4,int,NA,1,phyco,rfu,3.8896000000000006,NA
2021-06-28,shubael,4,int,NA,2,phyco,rfu,2.6079999999999997,NA
2021-06-28,shubael,b,int,NA,1,phyco,rfu,1.2040000000000004,NA
2021-06-28,shubael,b,int,NA,2,phyco,rfu,2.7808000000000006,NA
2021-06-28,shubael,b,int,NA,3,phyco,rfu,2.2864,NA
2021-06-28,hamblin,1,int,NA,1,phyco,µg/L,0.02176001277909982,NA
2021-06-28,hamblin,1,int,NA,2,phyco,µg/L,0.03598539509452243,NA
2021-06-28,hamblin,2,int,NA,1,phyco,µg/L,0.0402650651978911,NA
2021-06-28,hamblin,2,int,NA,2,phyco,µg/L,0.0893305787773572,NA
2021-06-28,hamblin,3,int,NA,1,phyco,µg/L,-0.00337551444772741,NA
2021-06-28,hamblin,3,int,NA,2,phyco,µg/L,-0.02953575141761472,NA
2021-06-28,hamblin,4,int,NA,1,phyco,µg/L,0.03291126586534213,NA
2021-06-28,hamblin,4,int,NA,2,phyco,µg/L,-0.02718494671294742,NA
2021-06-28,hamblin,b,int,NA,1,phyco,µg/L,0.04370085668932792,NA
2021-06-28,hamblin,b,int,NA,2,phyco,µg/L,0.00397828488482155,NA
2021-06-28,hamblin,b,int,NA,3,phyco,µg/L,-0.00795656976964315,NA
2021-06-28,shubael,1,int,NA,1,phyco,µg/L,0.1028326365682668,NA
2021-06-28,shubael,1,int,NA,2,phyco,µg/L,0.14695543256356058,NA
2021-06-28,shubael,2,int,NA,1,phyco,µg/L,0.13604528765215604,NA
2021-06-28,shubael,2,int,NA,2,phyco,µg/L,0.13086146189314612,NA
2021-06-28,shubael,3,int,NA,1,phyco,µg/L,0.21012577437103047,NA
2021-06-28,shubael,3,int,NA,2,phyco,µg/L,0.1995170146781729,NA
2021-06-28,shubael,4,int,NA,1,phyco,µg/L,0.2930669865151894,NA
2021-06-28,shubael,4,int,NA,2,phyco,µg/L,0.19650316249270203,NA
2021-06-28,shubael,b,int,NA,1,phyco,µg/L,0.09071695078267385,NA
2021-06-28,shubael,b,int,NA,2,phyco,µg/L,0.20952300393393636,NA
2021-06-28,shubael,b,int,NA,3,phyco,µg/L,0.1722717909215161,NA
2021-07-14,hamblin,1,int,NA,1,phyco,rfu,0.08759999999999991,NA
2021-07-14,hamblin,1,int,NA,2,phyco,rfu,0.09879999999999996,NA
2021-07-14,hamblin,2,int,NA,1,phyco,rfu,-0.09399999999999978,NA
2021-07-14,hamblin,2,int,NA,2,phyco,rfu,-0.35399999999999976,NA
2021-07-14,hamblin,3,int,NA,1,phyco,rfu,1.0364,NA
2021-07-14,hamblin,3,int,NA,2,phyco,rfu,0.2875999999999999,NA
2021-07-14,hamblin,4,int,NA,1,phyco,rfu,0.7284000000000004,NA
2021-07-14,hamblin,4,int,NA,2,phyco,rfu,0.5852000000000009,NA
2021-07-14,hamblin,B,int,NA,1,phyco,rfu,0.46200000000000047,NA
2021-07-14,hamblin,B,int,NA,2,phyco,rfu,-0.01159999999999968,NA
2021-07-14,hamblin,B,int,NA,3,phyco,rfu,-0.3707999999999993,NA
2021-07-14,shubael,1,int,NA,1,phyco,rfu,1.7132000000000005,NA
2021-07-14,shubael,1,int,NA,2,phyco,rfu,1.0572000000000004,NA
2021-07-14,shubael,2,int,NA,1,phyco,rfu,0.3628000000000008,NA
2021-07-14,shubael,2,int,NA,2,phyco,rfu,0.6156000000000006,NA
2021-07-14,shubael,3,int,NA,1,phyco,rfu,3.7068000000000008,NA
2021-07-14,shubael,3,int,NA,2,phyco,rfu,3.7908,NA
2021-07-14,shubael,4,int,NA,1,phyco,rfu,4.453200000000001,NA
2021-07-14,shubael,4,int,NA,2,phyco,rfu,4.734000000000001,NA
2021-07-14,shubael,B,int,NA,1,phyco,rfu,3.9732000000000007,NA
2021-07-14,shubael,B,int,NA,2,phyco,rfu,5.086000000000001,NA
2021-07-14,shubael,B,int,NA,3,phyco,rfu,4.520400000000001,NA
2021-07-29,hamblin,1,int,NA,1,phyco,rfu,1.0315999999999996,NA
2021-07-29,hamblin,1,int,NA,2,phyco,rfu,1.2652,NA
2021-07-29,hamblin,2,int,NA,1,phyco,rfu,1.4572000000000005,NA
2021-07-29,hamblin,2,int,NA,2,phyco,rfu,1.4651999999999998,NA
2021-07-29,hamblin,3,int,NA,1,phyco,rfu,1.4548000000000003,NA
2021-07-29,hamblin,3,int,NA,2,phyco,rfu,1.6155999999999997,NA
2021-07-29,hamblin,4,int,NA,1,phyco,rfu,1.9003999999999996,NA
2021-07-29,hamblin,4,int,NA,2,phyco,rfu,1.6060000000000003,NA
2021-07-29,hamblin,B,int,NA,1,phyco,rfu,0.8812000000000001,NA
2021-07-29,hamblin,B,int,NA,2,phyco,rfu,0.7348000000000002,NA
2021-07-29,hamblin,B,int,NA,3,phyco,rfu,0.6372000000000003,NA
2021-07-29,shubael,1,int,NA,1,phyco,rfu,6.135200000000001,NA
2021-07-29,shubael,1,int,NA,2,phyco,rfu,10.177600000000002,NA
2021-07-29,shubael,2,int,NA,1,phyco,rfu,6.8464,NA
2021-07-29,shubael,2,int,NA,2,phyco,rfu,5.634399999999999,NA
2021-07-29,shubael,3,int,NA,1,phyco,rfu,8.7816,NA
2021-07-29,shubael,3,int,NA,2,phyco,rfu,10.9792,NA
2021-07-29,shubael,4,int,NA,1,phyco,rfu,8.136000000000001,NA
2021-07-29,shubael,4,int,NA,2,phyco,rfu,7.836799999999999,NA
2021-07-29,shubael,B,int,NA,1,phyco,rfu,7.0192,NA
2021-07-29,shubael,B,int,NA,2,phyco,rfu,9.824,NA
2021-07-29,shubael,B,int,NA,3,phyco,rfu,9.712,NA
2021-07-14,hamblin,1,int,NA,1,phyco,µg/L,0.00660033628618124,NA
2021-07-14,hamblin,1,int,NA,2,phyco,µg/L,0.00744421489811309,NA
2021-07-14,hamblin,2,int,NA,1,phyco,µg/L,-0.00708255263585657,NA
2021-07-14,hamblin,2,int,NA,2,phyco,µg/L,-0.02667259184141736,NA
2021-07-14,hamblin,3,int,NA,1,phyco,µg/L,0.07808891012555076,NA
2021-07-14,hamblin,3,int,NA,2,phyco,µg/L,0.0216695972135357,NA
2021-07-14,hamblin,4,int,NA,1,phyco,µg/L,0.05488224829742494,NA
2021-07-14,hamblin,4,int,NA,2,phyco,µg/L,0.0440926574734392,NA
2021-07-14,hamblin,B,int,NA,1,phyco,µg/L,0.03480999274218882,NA
2021-07-14,hamblin,B,int,NA,2,phyco,µg/L,-8.740171337865342e-4,NA
2021-07-14,hamblin,B,int,NA,3,phyco,µg/L,-0.0279384097593151,NA
2021-07-14,shubael,1,int,NA,1,phyco,µg/L,0.1290832891037183,NA
2021-07-14,shubael,1,int,NA,2,phyco,µg/L,0.07965611326199566,NA
2021-07-14,shubael,2,int,NA,1,phyco,µg/L,0.02733563932222104,NA
2021-07-14,shubael,2,int,NA,2,phyco,µg/L,0.04638318513439705,NA
2021-07-14,shubael,3,int,NA,1,phyco,µg/L,0.2792936820275875,NA
2021-07-14,shubael,3,int,NA,2,phyco,µg/L,0.28562277161707633,NA
2021-07-14,shubael,4,int,NA,1,phyco,µg/L,0.33553216380847434,NA
2021-07-14,shubael,4,int,NA,2,phyco,µg/L,0.35668940615047995,NA
2021-07-14,shubael,B,int,NA,1,phyco,µg/L,0.2993659375828236,NA
2021-07-14,shubael,B,int,NA,2,phyco,µg/L,0.3832113053826238,NA
2021-07-14,shubael,B,int,NA,3,phyco,µg/L,0.3405954354800654,NA
2021-07-29,hamblin,1,int,NA,1,phyco,µg/L,0.07772724786329424,NA
2021-07-29,hamblin,1,int,NA,2,phyco,µg/L,0.09532814462644426,NA
2021-07-29,hamblin,2,int,NA,1,phyco,µg/L,0.10979463511670456,NA
2021-07-29,hamblin,2,int,NA,2,phyco,µg/L,0.1103974055537987,NA
2021-07-29,hamblin,3,int,NA,1,phyco,µg/L,0.1096138039855763,NA
2021-07-29,hamblin,3,int,NA,2,phyco,µg/L,0.12172948977116922,NA
2021-07-29,hamblin,4,int,NA,1,phyco,µg/L,0.143188117331722,NA
2021-07-29,hamblin,4,int,NA,2,phyco,µg/L,0.12100616524665628,NA
2021-07-29,hamblin,B,int,NA,1,phyco,µg/L,0.06639516364592372,NA
2021-07-29,hamblin,B,int,NA,2,phyco,µg/L,0.05536446464710028,NA
2021-07-29,hamblin,B,int,NA,3,phyco,µg/L,0.04801066531455131,NA
2021-07-29,shubael,1,int,NA,1,phyco,µg/L,0.4622646482075253,NA
2021-07-29,shubael,1,int,NA,2,phyco,µg/L,0.7668445500712134,NA
2021-07-29,shubael,2,int,NA,1,phyco,µg/L,0.5158509400651976,NA
2021-07-29,shubael,2,int,NA,2,phyco,µg/L,0.4245312188454296,NA
2021-07-29,shubael,3,int,NA,1,phyco,µg/L,0.6616611087982792,NA
2021-07-29,shubael,3,int,NA,2,phyco,µg/L,0.8272421478680501,NA
2021-07-29,shubael,4,int,NA,1,phyco,µg/L,0.6130175345247791,NA
2021-07-29,shubael,4,int,NA,2,phyco,µg/L,0.5904739201774569,NA
2021-07-29,shubael,B,int,NA,1,phyco,µg/L,0.5288707815064319,NA
2021-07-29,shubael,B,int,NA,2,phyco,µg/L,0.7402020967516506,NA
2021-07-29,shubael,B,int,NA,3,phyco,µg/L,0.7317633106323322,NA
2021-08-11,hamblin,1,int,NA,1,phyco,rfu,0.3103999999999996,NA
2021-08-11,hamblin,1,int,NA,2,phyco,rfu,1.1408000000000005,NA
2021-08-11,hamblin,2,int,NA,1,phyco,rfu,0.17680000000000007,NA
2021-08-11,hamblin,2,int,NA,2,phyco,rfu,0.06400000000000035,NA
2021-08-11,hamblin,3,int,NA,1,phyco,rfu,1.7688,NA
2021-08-11,hamblin,3,int,NA,2,phyco,rfu,0.41039999999999965,NA
2021-08-11,hamblin,4,int,NA,1,phyco,rfu,0.5224000000000001,NA
2021-08-11,hamblin,4,int,NA,2,phyco,rfu,-0.04240000000000009,NA
2021-08-11,hamblin,B,int,NA,1,phyco,rfu,0.2503999999999996,NA
2021-08-11,hamblin,B,int,NA,2,phyco,rfu,0.02,NA
2021-08-11,hamblin,B,int,NA,3,phyco,rfu,0.25759999999999994,NA
2021-08-11,shubael,1,int,NA,1,phyco,rfu,7.3304,NA
2021-08-11,shubael,1,int,NA,2,phyco,rfu,18.628,NA
2021-08-11,shubael,2,int,NA,1,phyco,rfu,7.8656,NA
2021-08-11,shubael,2,int,NA,2,phyco,rfu,11.992,NA
2021-08-11,shubael,3,int,NA,1,phyco,rfu,12.0208,NA
2021-08-11,shubael,3,int,NA,2,phyco,rfu,12.6552,NA
2021-08-11,shubael,4,int,NA,1,phyco,rfu,12.312,NA
2021-08-11,shubael,4,int,NA,2,phyco,rfu,13.433600000000002,NA
2021-08-11,shubael,B,int,NA,1,phyco,rfu,10.392,NA
2021-08-11,shubael,B,int,NA,2,phyco,rfu,11.1688,NA
2021-08-11,shubael,B,int,NA,3,phyco,rfu,8.6624,NA
2021-08-31,hamblin,1,int,NA,1,phyco,rfu,0.5231999999999999,NA
2021-08-31,hamblin,1,int,NA,2,phyco,rfu,0.8032000000000005,NA
2021-08-31,hamblin,2,int,NA,1,phyco,rfu,0.6848000000000002,NA
2021-08-31,hamblin,2,int,NA,2,phyco,rfu,0.47120000000000006,NA
2021-08-31,hamblin,3,int,NA,1,phyco,rfu,0.20480000000000015,NA
2021-08-31,hamblin,3,int,NA,2,phyco,rfu,0.6672000000000002,NA
2021-08-31,hamblin,4,int,NA,1,phyco,rfu,1.0368000000000006,NA
2021-08-31,hamblin,4,int,NA,2,phyco,rfu,0.7216000000000002,NA
2021-08-31,hamblin,B,int,NA,1,phyco,rfu,0.7488,NA
2021-08-31,hamblin,B,int,NA,2,phyco,rfu,1.1880000000000006,NA
2021-08-31,hamblin,B,int,NA,3,phyco,rfu,1.2727999999999997,NA
2021-08-31,shubael,1,int,NA,1,phyco,rfu,4.9692,NA
2021-08-31,shubael,1,int,NA,2,phyco,rfu,5.0708,NA
2021-08-31,shubael,2,int,NA,1,phyco,rfu,4.3812,NA
2021-08-31,shubael,2,int,NA,2,phyco,rfu,5.6716,NA
2021-08-31,shubael,3,int,NA,1,phyco,rfu,6.552399999999999,NA
2021-08-31,shubael,3,int,NA,2,phyco,rfu,6.361999999999999,NA
2021-08-31,shubael,4,int,NA,1,phyco,rfu,6.712399999999999,NA
2021-08-31,shubael,4,int,NA,2,phyco,rfu,5.938000000000001,NA
2021-08-31,shubael,B,int,NA,1,phyco,rfu,5.4836,NA
2021-08-31,shubael,B,int,NA,2,phyco,rfu,6.412399999999999,NA
2021-08-31,shubael,B,int,NA,3,phyco,rfu,6.158000000000001,NA
2021-08-11,hamblin,1,int,NA,1,phyco,µg/L,0.02338749295925408,NA
2021-08-11,hamblin,1,int,NA,2,phyco,µg/L,0.085955064329629835,NA
2021-08-11,hamblin,2,int,NA,1,phyco,µg/L,0.01332122665978134,NA
2021-08-11,hamblin,2,int,NA,2,phyco,µg/L,0.00482216349675345,NA
2021-08-11,hamblin,3,int,NA,1,phyco,µg/L,0.13327254364152277,NA
2021-08-11,hamblin,3,int,NA,2,phyco,µg/L,0.03092212342293131,NA
2021-08-11,hamblin,4,int,NA,1,phyco,µg/L,0.03936090954224983,NA
2021-08-11,hamblin,4,int,NA,2,phyco,µg/L,-0.00319468331659915,NA
2021-08-11,hamblin,B,int,NA,1,phyco,µg/L,0.01886671468104775,NA
2021-08-11,hamblin,B,int,NA,2,phyco,µg/L,0.00150692609273544,NA
2021-08-11,hamblin,B,int,NA,3,phyco,µg/L,0.01940920807443253,NA
2021-08-11,shubael,1,int,NA,1,phyco,µg/L,0.5523185515093954,NA
2021-08-11,shubael,1,int,NA,2,phyco,µg/L,1.403550962773794,NA
2021-08-11,shubael,2,int,NA,1,phyco,µg/L,0.5926438937509959,NA
2021-08-11,shubael,2,int,NA,2,phyco,µg/L,0.9035528852041732,NA
2021-08-11,shubael,3,int,NA,1,phyco,µg/L,0.905722858777712,NA
2021-08-11,shubael,3,int,NA,2,phyco,µg/L,0.9535225544392804,NA
2021-08-11,shubael,4,int,NA,1,phyco,µg/L,0.9276637026879402,NA
2021-08-11,shubael,4,int,NA,2,phyco,µg/L,1.012172117968544,NA
2021-08-11,shubael,B,int,NA,1,phyco,µg/L,0.7829987977853374,NA
2021-08-11,shubael,B,int,NA,2,phyco,µg/L,0.8415278072271822,NA
2021-08-11,shubael,B,int,NA,3,phyco,µg/L,0.652679829285576,NA
2021-08-31,hamblin,1,int,NA,1,phyco,µg/L,0.03942118658595924,NA
2021-08-31,hamblin,1,int,NA,2,phyco,µg/L,0.06051815188425552,NA
2021-08-31,hamblin,2,int,NA,1,phyco,µg/L,0.05159714941526166,NA
2021-08-31,hamblin,2,int,NA,2,phyco,µg/L,0.03550317874484709,NA
2021-08-31,hamblin,3,int,NA,1,phyco,µg/L,0.01543092318961097,NA
2021-08-31,hamblin,3,int,NA,2,phyco,µg/L,0.05027105445365448,NA
2021-08-31,hamblin,4,int,NA,1,phyco,µg/L,0.07811904864740553,NA
2021-08-31,hamblin,4,int,NA,2,phyco,µg/L,0.05436989342589488,NA
2021-08-31,hamblin,B,int,NA,1,phyco,µg/L,0.05641931291201507,NA
2021-08-31,hamblin,B,int,NA,2,phyco,µg/L,0.08951140990848551,NA
2021-08-31,hamblin,B,int,NA,3,phyco,µg/L,0.09590077654168372,NA
2021-08-31,shubael,1,int,NA,1,phyco,µg/L,0.3744108570010487,NA
2021-08-31,shubael,1,int,NA,2,phyco,µg/L,0.38206604155214485,NA
2021-08-31,shubael,2,int,NA,1,phyco,µg/L,0.33010722987462665,NA
2021-08-31,shubael,2,int,NA,2,phyco,µg/L,0.4273341013779176,NA
2021-08-31,shubael,3,int,NA,1,phyco,µg/L,0.4936991265019865,NA
2021-08-31,shubael,3,int,NA,2,phyco,µg/L,0.47935319009914507,NA
2021-08-31,shubael,4,int,NA,1,phyco,µg/L,0.50575453524387,NA
2021-08-31,shubael,4,int,NA,2,phyco,µg/L,0.4474063569331538,NA
2021-08-31,shubael,B,int,NA,1,phyco,µg/L,0.4131689961062044,NA
2021-08-31,shubael,B,int,NA,2,phyco,µg/L,0.4831506438528384,NA
2021-08-31,shubael,B,int,NA,3,phyco,µg/L,0.4639825439532437,NA
2021-09-15,hamblin,1,int,NA,1,phyco,rfu,0.6576,NA
2021-09-15,hamblin,1,int,NA,2,phyco,rfu,0.2623999999999995,NA
2021-09-15,hamblin,2,int,NA,1,phyco,rfu,0.17439999999999997,NA
2021-09-15,hamblin,2,int,NA,2,phyco,rfu,0.3135999999999996,NA
2021-09-15,hamblin,3,int,NA,1,phyco,rfu,0.7056,NA
2021-09-15,hamblin,3,int,NA,2,phyco,rfu,0.8392000000000002,NA
2021-09-15,hamblin,4,int,NA,1,phyco,rfu,0.3495999999999998,NA
2021-09-15,hamblin,4,int,NA,2,phyco,rfu,1.0928000000000002,NA
2021-09-15,hamblin,B,int,NA,1,phyco,rfu,0.13519999999999982,NA
2021-09-15,hamblin,B,int,NA,2,phyco,rfu,0.21839999999999976,NA
2021-09-15,hamblin,B,int,NA,3,phyco,rfu,0.16399999999999978,NA
2021-09-15,shubael,1,int,NA,1,phyco,rfu,2.744,NA
2021-09-15,shubael,1,int,NA,2,phyco,rfu,4.983200000000001,NA
2021-09-15,shubael,2,int,NA,1,phyco,rfu,3.5560000000000005,NA
2021-09-15,shubael,2,int,NA,2,phyco,rfu,3.7072,NA
2021-09-15,shubael,3,int,NA,1,phyco,rfu,4.856800000000001,NA
2021-09-15,shubael,3,int,NA,2,phyco,rfu,4.373600000000001,NA
2021-09-15,shubael,4,int,NA,1,phyco,rfu,3.5416000000000007,NA
2021-09-15,shubael,4,int,NA,2,phyco,rfu,3.4032000000000004,NA
2021-09-15,shubael,B,int,NA,1,phyco,rfu,3.4832000000000005,NA
2021-09-15,shubael,B,int,NA,2,phyco,rfu,3.6880000000000006,NA
2021-09-15,shubael,B,int,NA,3,phyco,rfu,4.0448,NA
2021-10-13,hamblin,B,int,NA,1,phyco,rfu,-0.0495999999999998,NA
2021-10-13,hamblin,B,int,NA,2,phyco,rfu,0.06640000000000043,NA
2021-10-13,hamblin,B,int,NA,3,phyco,rfu,-0.10239999999999952,NA
2021-10-13,shubael,B,int,NA,1,phyco,rfu,2.0311999999999997,NA
2021-10-13,shubael,B,int,NA,2,phyco,rfu,3.4552000000000005,NA
2021-10-13,shubael,B,int,NA,3,phyco,rfu,2.0928000000000004,NA
2021-11-04,hamblin,1,int,NA,1,phyco,rfu,0.25200000000000045,NA
2021-11-04,hamblin,1,int,NA,2,phyco,rfu,-0.04639999999999986,NA
2021-11-04,hamblin,2,int,NA,1,phyco,rfu,0.3456000000000006,NA
2021-11-04,hamblin,2,int,NA,2,phyco,rfu,0.0928000000000003,NA
2021-11-04,hamblin,3,int,NA,1,phyco,rfu,1.0175999999999998,NA
2021-11-04,hamblin,3,int,NA,2,phyco,rfu,0.9872000000000004,NA
2021-11-04,hamblin,4,int,NA,1,phyco,rfu,0.7584000000000003,NA
2021-11-04,hamblin,4,int,NA,2,phyco,rfu,0.31840000000000035,NA
2021-11-04,hamblin,B,int,NA,1,phyco,rfu,0.02400000000000034,NA
2021-11-04,hamblin,B,int,NA,2,phyco,rfu,0.6208000000000005,NA
2021-11-04,hamblin,B,int,NA,3,phyco,rfu,0.08800000000000012,NA
2021-11-04,shubael,1,int,NA,1,phyco,rfu,3.930400000000001,NA
2021-11-04,shubael,1,int,NA,2,phyco,rfu,5.529600000000001,NA
2021-11-04,shubael,2,int,NA,1,phyco,rfu,3.777600000000001,NA
2021-11-04,shubael,2,int,NA,2,phyco,rfu,5.475200000000001,NA
2021-11-04,shubael,3,int,NA,1,phyco,rfu,4.7512,NA
2021-11-04,shubael,3,int,NA,2,phyco,rfu,5.284000000000001,NA
2021-11-04,shubael,4,int,NA,1,phyco,rfu,4.584000000000001,NA
2021-11-04,shubael,4,int,NA,2,phyco,rfu,4.4808,NA
2021-11-04,shubael,B,int,NA,1,phyco,rfu,3.641600000000001,NA
2021-11-04,shubael,B,int,NA,2,phyco,rfu,3.2288,NA
2021-11-04,shubael,B,int,NA,3,phyco,rfu,3.624000000000001,NA
2021-09-15,hamblin,1,int,NA,1,phyco,µg/L,0.04954772992914143,NA
2021-09-15,hamblin,1,int,NA,2,phyco,µg/L,0.019770870336689,NA
2021-09-15,hamblin,2,int,NA,1,phyco,µg/L,0.01314039552865308,NA
2021-09-15,hamblin,2,int,NA,2,phyco,µg/L,0.02362860113409175,NA
2021-09-15,hamblin,3,int,NA,1,phyco,µg/L,0.05316435255170651,NA
2021-09-15,hamblin,3,int,NA,2,phyco,µg/L,0.0632306188511793,NA
2021-09-15,hamblin,4,int,NA,1,phyco,µg/L,0.02634106810101556,NA
2021-09-15,hamblin,4,int,NA,2,phyco,µg/L,0.08233844170706474,NA
2021-09-15,hamblin,B,int,NA,1,phyco,µg/L,0.01018682038689159,NA
2021-09-15,hamblin,B,int,NA,2,phyco,µg/L,0.01645563293267104,NA
2021-09-15,hamblin,B,int,NA,3,phyco,µg/L,0.01235679396043063,NA
2021-09-15,shubael,1,int,NA,1,phyco,µg/L,0.2067502599233031,NA
2021-09-15,shubael,1,int,NA,2,phyco,µg/L,0.3754657052659636,NA
2021-09-15,shubael,2,int,NA,1,phyco,µg/L,0.2679314592883622,NA
2021-09-15,shubael,2,int,NA,2,phyco,µg/L,0.27932382054944216,NA
2021-09-15,shubael,3,int,NA,1,phyco,µg/L,0.3659419323598756,NA
2021-09-15,shubael,3,int,NA,2,phyco,µg/L,0.3295345979593872,NA
2021-09-15,shubael,4,int,NA,1,phyco,µg/L,0.2668464725015927,NA
2021-09-15,shubael,4,int,NA,2,phyco,µg/L,0.2564185439398634,NA
2021-09-15,shubael,B,int,NA,1,phyco,µg/L,0.2624462483108052,NA
2021-09-15,shubael,B,int,NA,2,phyco,µg/L,0.2778771715004162,NA
2021-09-15,shubael,B,int,NA,3,phyco,µg/L,0.3047607329948165,NA
2021-10-13,hamblin,B,int,NA,1,phyco,µg/L,-0.00373717670998388,NA
2021-10-13,hamblin,B,int,NA,2,phyco,µg/L,0.00500299462788171,NA
2021-10-13,hamblin,B,int,NA,3,phyco,µg/L,-0.00771546159480544,NA
2021-10-13,shubael,B,int,NA,1,phyco,µg/L,0.15304341397821178,NA
2021-10-13,shubael,B,int,NA,2,phyco,µg/L,0.26033655178097553,NA
2021-10-13,shubael,B,int,NA,3,phyco,µg/L,0.157684746343837,NA
2021-11-04,hamblin,1,int,NA,1,phyco,µg/L,0.01898726876846664,NA
2021-11-04,hamblin,1,int,NA,2,phyco,µg/L,-0.00349606853514622,NA
2021-11-04,hamblin,2,int,NA,1,phyco,µg/L,0.02603968288246854,NA
2021-11-04,hamblin,2,int,NA,2,phyco,µg/L,0.00699213707029248,NA
2021-11-04,hamblin,3,int,NA,1,phyco,µg/L,0.07667239959837945,NA
2021-11-04,hamblin,3,int,NA,2,phyco,µg/L,0.0743818719374216,NA
2021-11-04,hamblin,4,int,NA,1,phyco,µg/L,0.05714263743652811,NA
2021-11-04,hamblin,4,int,NA,2,phyco,µg/L,0.02399026339634831,NA
2021-11-04,hamblin,B,int,NA,1,phyco,µg/L,0.00180831131128256,NA
2021-11-04,hamblin,B,int,NA,2,phyco,µg/L,0.04677498591850825,NA
2021-11-04,hamblin,B,int,NA,3,phyco,µg/L,0.00663047480803596,NA
2021-11-04,shubael,1,int,NA,1,phyco,µg/L,0.29614111574436974,NA
2021-11-04,shubael,1,int,NA,2,phyco,µg/L,0.416634926119496,NA
2021-11-04,shubael,2,int,NA,1,phyco,µg/L,0.284628200395871,NA
2021-11-04,shubael,2,int,NA,2,phyco,µg/L,0.4125360871472556,NA
2021-11-04,shubael,3,int,NA,1,phyco,µg/L,0.3579853625902324,NA
2021-11-04,shubael,3,int,NA,2,phyco,µg/L,0.39812987370070474,NA
2021-11-04,shubael,4,int,NA,1,phyco,µg/L,0.3453874604549641,NA
2021-11-04,shubael,4,int,NA,2,phyco,µg/L,0.33761172181644916,NA
2021-11-04,shubael,B,int,NA,1,phyco,µg/L,0.27438110296526996,NA
2021-11-04,shubael,B,int,NA,2,phyco,µg/L,0.2432781484112103,NA
2021-11-04,shubael,B,int,NA,3,phyco,µg/L,0.2730550080036628,NA
2021-05-13,hamblin,1,int,NA,1,ext_chla,rfu,7.2616,NA
2021-05-13,hamblin,1,int,NA,2,ext_chla,rfu,7.544,NA
2021-05-13,shubael,1,int,NA,1,ext_chla,rfu,3.737,NA
2021-05-13,shubael,1,int,NA,2,ext_chla,rfu,2.1046,NA
2021-06-28,hamblin,1,int,NA,1,ext_chla,rfu,9.0434,NA
2021-06-28,hamblin,1,int,NA,2,ext_chla,rfu,9.4014,NA
2021-06-28,hamblin,2,int,NA,1,ext_chla,rfu,9.2034,NA
2021-06-28,hamblin,2,int,NA,2,ext_chla,rfu,9.3414,NA
2021-06-28,hamblin,3,int,NA,1,ext_chla,rfu,10.2754,NA
2021-06-28,hamblin,3,int,NA,2,ext_chla,rfu,9.6066,NA
2021-06-28,hamblin,4,int,NA,1,ext_chla,rfu,9.2274,NA
2021-06-28,hamblin,4,int,NA,2,ext_chla,rfu,9.0658,NA
2021-06-28,hamblin,b,int,NA,1,ext_chla,rfu,9.545,NA
2021-06-28,hamblin,b,int,NA,2,ext_chla,rfu,8.9182,NA
2021-06-28,hamblin,b,int,NA,3,ext_chla,rfu,8.833,NA
2021-06-28,shubael,1,int,NA,1,ext_chla,rfu,11.4816,NA
2021-06-28,shubael,1,int,NA,2,ext_chla,rfu,11.12,NA
2021-06-28,shubael,2,int,NA,1,ext_chla,rfu,11.7912,NA
2021-06-28,shubael,2,int,NA,2,ext_chla,rfu,11.6648,NA
2021-06-28,shubael,3,int,NA,1,ext_chla,rfu,10.9256,NA
2021-06-28,shubael,3,int,NA,2,ext_chla,rfu,10.298800000000002,NA
2021-06-28,shubael,4,int,NA,1,ext_chla,rfu,10.148,NA
2021-06-28,shubael,4,int,NA,2,ext_chla,rfu,10.3272,NA
2021-06-28,shubael,b,int,NA,1,ext_chla,rfu,10.5444,NA
2021-06-28,shubael,b,int,NA,2,ext_chla,rfu,12.0644,NA
2021-06-28,shubael,b,int,NA,3,ext_chla,rfu,10.5112,NA
2021-07-14,hamblin,1,int,NA,1,ext_chla,rfu,7.654800000000001,NA
2021-07-14,hamblin,1,int,NA,2,ext_chla,rfu,7.903200000000001,NA
2021-07-14,hamblin,2,int,NA,1,ext_chla,rfu,8.52,NA
2021-07-14,hamblin,2,int,NA,2,ext_chla,rfu,8.0652,NA
2021-07-14,hamblin,3,int,NA,1,ext_chla,rfu,9.044,NA
2021-07-14,hamblin,3,int,NA,2,ext_chla,rfu,8.1988,NA
2021-07-14,hamblin,4,int,NA,1,ext_chla,rfu,7.1415999999999995,NA
2021-07-14,hamblin,4,int,NA,2,ext_chla,rfu,6.873600000000001,NA
2021-07-14,hamblin,b,int,NA,1,ext_chla,rfu,8.6236,NA
2021-07-14,hamblin,b,int,NA,2,ext_chla,rfu,8.6236,NA
2021-07-14,hamblin,b,int,NA,3,ext_chla,rfu,8.9268,NA
2021-07-14,shubael,1,int,NA,1,ext_chla,rfu,19.8196,NA
2021-07-14,shubael,1,int,NA,2,ext_chla,rfu,19.3876,NA
2021-07-14,shubael,2,int,NA,1,ext_chla,rfu,7.574,NA
2021-07-14,shubael,2,int,NA,2,ext_chla,rfu,7.239200000000001,NA
2021-07-14,shubael,3,int,NA,1,ext_chla,rfu,14.531200000000002,NA
2021-07-14,shubael,3,int,NA,2,ext_chla,rfu,15.509200000000002,NA
2021-07-14,shubael,4,int,NA,1,ext_chla,rfu,15.6696,NA
2021-07-14,shubael,4,int,NA,2,ext_chla,rfu,15.22,NA
2021-07-14,shubael,b,int,NA,1,ext_chla,rfu,20.016,NA
2021-07-14,shubael,b,int,NA,2,ext_chla,rfu,18.5924,NA
2021-07-14,shubael,b,int,NA,3,ext_chla,rfu,18.9236,NA
2021-05-13,hamblin,1,int,NA,1,ext_chla,µg/L,1.6959670969784149,NA
2021-05-13,hamblin,1,int,NA,2,ext_chla,µg/L,1.761922410984516,NA
2021-05-13,shubael,1,int,NA,1,ext_chla,µg/L,0.8727868570849863,NA
2021-05-13,shubael,1,int,NA,2,ext_chla,µg/L,0.4915352473698319,NA
2021-06-28,hamblin,1,int,NA,1,ext_chla,µg/L,2.112111496752038,NA
2021-06-28,hamblin,1,int,NA,2,ext_chla,µg/L,2.195723403317846,NA
2021-06-28,hamblin,2,int,NA,1,ext_chla,µg/L,2.1494799466138517,NA
2021-06-28,hamblin,2,int,NA,2,ext_chla,µg/L,2.1817102346196657,NA
2021-06-28,hamblin,3,int,NA,1,ext_chla,µg/L,2.399848560688003,NA
2021-06-28,hamblin,3,int,NA,2,ext_chla,µg/L,2.243648440265622,NA
2021-06-28,hamblin,4,int,NA,1,ext_chla,µg/L,2.1550852140931234,NA
2021-06-28,hamblin,4,int,NA,2,ext_chla,µg/L,2.117343079732692,NA
2021-06-28,hamblin,b,int,NA,1,ext_chla,µg/L,2.229261587068824,NA
2021-06-28,hamblin,b,int,NA,2,ext_chla,µg/L,2.082870684735169,NA
2021-06-28,hamblin,b,int,NA,3,ext_chla,µg/L,2.062971985183753,NA
2021-06-28,shubael,1,int,NA,1,ext_chla,µg/L,2.6815599620837514,NA
2021-06-28,shubael,1,int,NA,2,ext_chla,µg/L,2.597107265396052,NA
2021-06-28,shubael,2,int,NA,1,ext_chla,µg/L,2.7538679125663608,NA
2021-06-28,shubael,2,int,NA,2,ext_chla,µg/L,2.7243468371755277,NA
2021-06-28,shubael,3,int,NA,1,ext_chla,µg/L,2.5517045988139486,NA
2021-06-28,shubael,3,int,NA,2,ext_chla,µg/L,2.405313696480294,NA
2021-06-28,shubael,4,int,NA,1,ext_chla,µg/L,2.3700939324855343,NA
2021-06-28,shubael,4,int,NA,2,ext_chla,µg/L,2.4119465963307656,NA
2021-06-28,shubael,b,int,NA,1,ext_chla,µg/L,2.462674267018178,NA
2021-06-28,shubael,b,int,NA,2,ext_chla,µg/L,2.817674540705408,NA
2021-06-28,shubael,b,int,NA,3,ext_chla,µg/L,2.454920313671851,NA
2021-07-14,hamblin,1,int,NA,1,ext_chla,µg/L,1.7878000625138222,NA
2021-07-14,hamblin,1,int,NA,2,ext_chla,µg/L,1.845814580924288,NA
2021-07-14,hamblin,2,int,NA,1,ext_chla,µg/L,1.9898699551415795,NA
2021-07-14,hamblin,2,int,NA,2,ext_chla,µg/L,1.8836501364093745,NA
2021-07-14,hamblin,3,int,NA,1,ext_chla,µg/L,2.1122516284390196,NA
2021-07-14,hamblin,3,int,NA,2,ext_chla,µg/L,1.9148527920439888,NA
2021-07-14,hamblin,4,int,NA,1,ext_chla,µg/L,1.6679407595820548,NA
2021-07-14,hamblin,4,int,NA,2,ext_chla,µg/L,1.605348606063517,NA
2021-07-14,hamblin,b,int,NA,1,ext_chla,µg/L,2.014066026427104,NA
2021-07-14,hamblin,b,int,NA,2,ext_chla,µg/L,2.014066026427104,NA
2021-07-14,hamblin,b,int,NA,3,ext_chla,µg/L,2.0848792389152413,NA
2021-07-14,shubael,1,int,NA,1,ext_chla,µg/L,4.628923305507518,NA
2021-07-14,shubael,1,int,NA,2,ext_chla,µg/L,4.528028490880621,NA
2021-07-14,shubael,2,int,NA,1,ext_chla,µg/L,1.768928995333606,NA
2021-07-14,shubael,2,int,NA,2,ext_chla,µg/L,1.6907355139977611,NA
2021-07-14,shubael,3,int,NA,1,ext_chla,µg/L,3.393802616449921,NA
2021-07-14,shubael,3,int,NA,2,ext_chla,µg/L,3.622217266230257,NA
2021-07-14,shubael,4,int,NA,1,ext_chla,µg/L,3.659679137216725,NA
2021-07-14,shubael,4,int,NA,2,ext_chla,µg/L,3.5546737931050285,NA
2021-07-14,shubael,b,int,NA,1,ext_chla,µg/L,4.674793077712894,NA
2021-07-14,shubael,b,int,NA,2,ext_chla,µg/L,4.342307295067407,NA
2021-07-14,shubael,b,int,NA,3,ext_chla,µg/L,4.419659986281362,NA
2021-07-29,shubael,1,int,NA,1,ext_chla,rfu,8.343200000000001,NA
2021-07-29,shubael,1,int,NA,2,ext_chla,rfu,7.880800000000001,NA
2021-07-29,shubael,2,int,NA,1,ext_chla,rfu,7.704,NA
2021-07-29,shubael,2,int,NA,2,ext_chla,rfu,7.8832,NA
2021-07-29,shubael,3,int,NA,1,ext_chla,rfu,9.7604,NA
2021-07-29,shubael,3,int,NA,2,ext_chla,rfu,8.2012,NA
2021-07-29,shubael,4,int,NA,1,ext_chla,rfu,7.7628,NA
2021-07-29,shubael,4,int,NA,2,ext_chla,rfu,6.0648,NA
2021-07-29,shubael,b,int,NA,1,ext_chla,rfu,7.6388,NA
2021-07-29,shubael,b,int,NA,2,ext_chla,rfu,8.0848,NA
2021-07-29,shubael,b,int,NA,3,ext_chla,rfu,7.228000000000001,NA
2021-07-29,hamblin,1,int,NA,1,ext_chla,rfu,4.869800000000001,NA
2021-07-29,hamblin,1,int,NA,2,ext_chla,rfu,4.6262,NA
2021-07-29,hamblin,2,int,NA,1,ext_chla,rfu,5.4078,NA
2021-07-29,hamblin,2,int,NA,2,ext_chla,rfu,5.159,NA
2021-07-29,hamblin,3,int,NA,1,ext_chla,rfu,5.0198,NA
2021-07-29,hamblin,3,int,NA,2,ext_chla,rfu,4.8274,NA
2021-07-29,hamblin,4,int,NA,1,ext_chla,rfu,3.9822,NA
2021-07-29,hamblin,4,int,NA,2,ext_chla,rfu,3.8234,NA
2021-07-29,hamblin,b,int,NA,1,ext_chla,rfu,5.0822,NA
2021-07-29,hamblin,b,int,NA,2,ext_chla,rfu,4.8338,NA
2021-07-29,hamblin,b,int,NA,3,ext_chla,rfu,5.138199999999999,NA
2021-07-29,shubael,1,int,NA,1,ext_chla,µg/L,2.0601994504983434,NA
2021-07-29,shubael,1,int,NA,2,ext_chla,µg/L,1.946018293878529,NA
2021-07-29,shubael,2,int,NA,1,ext_chla,µg/L,1.902360792818012,NA
2021-07-29,shubael,2,int,NA,2,ext_chla,µg/L,1.946610929639532,NA
2021-07-29,shubael,3,int,NA,1,ext_chla,µg/L,2.4101508673703176,NA
2021-07-29,shubael,3,int,NA,2,ext_chla,µg/L,2.0251351679723624,NA
2021-07-29,shubael,4,int,NA,1,ext_chla,µg/L,1.916880368962573,NA
2021-07-29,shubael,4,int,NA,2,ext_chla,µg/L,1.4975905680533073,NA
2021-07-29,shubael,b,int,NA,1,ext_chla,µg/L,1.8862608546441109,NA
2021-07-29,shubael,b,int,NA,2,ext_chla,µg/L,1.9963923335637412,NA
2021-07-29,shubael,b,int,NA,3,ext_chla,µg/L,1.7848213668858504,NA
2021-07-29,hamblin,1,int,NA,1,ext_chla,µg/L,1.2025073453874813,NA
2021-07-29,hamblin,1,int,NA,2,ext_chla,µg/L,1.1423548156457275,NA
2021-07-29,hamblin,2,int,NA,1,ext_chla,µg/L,1.3353565284788738,NA
2021-07-29,hamblin,2,int,NA,2,ext_chla,µg/L,1.2739199545882818,NA
2021-07-29,hamblin,3,int,NA,1,ext_chla,µg/L,1.2395470804501372,NA
2021-07-29,hamblin,3,int,NA,2,ext_chla,µg/L,1.1920374469431037,NA
2021-07-29,hamblin,4,int,NA,1,ext_chla,µg/L,0.9833308864433914,NA
2021-07-29,hamblin,4,int,NA,2,ext_chla,µg/L,0.944118153590393,NA
2021-07-29,hamblin,b,int,NA,1,ext_chla,µg/L,1.254955610236202,NA
2021-07-29,hamblin,b,int,NA,2,ext_chla,µg/L,1.193617808972444,NA
2021-07-29,hamblin,b,int,NA,3,ext_chla,µg/L,1.2687837779929267,NA
2021-08-11,hamblin,1,int,NA,1,ext_chla,rfu,6.4756,NA
2021-08-11,hamblin,1,int,NA,2,ext_chla,rfu,6.706,NA
2021-08-11,hamblin,2,int,NA,1,ext_chla,rfu,6.266,NA
2021-08-11,hamblin,2,int,NA,2,ext_chla,rfu,6.2348,NA
2021-08-11,hamblin,3,int,NA,1,ext_chla,rfu,6.5396,NA
2021-08-11,hamblin,3,int,NA,2,ext_chla,rfu,6.7627999999999995,NA
2021-08-11,hamblin,4,int,NA,1,ext_chla,rfu,5.8696,NA
2021-08-11,hamblin,4,int,NA,2,ext_chla,rfu,5.1308,NA
2021-08-11,hamblin,B,int,NA,1,ext_chla,rfu,5.3372,NA
2021-08-11,hamblin,B,int,NA,2,ext_chla,rfu,5.82,NA
2021-08-11,hamblin,B,int,NA,3,ext_chla,rfu,5.147200000000001,NA
2021-08-11,shubael,1,int,NA,1,ext_chla,rfu,12.1474,NA
2021-08-11,shubael,1,int,NA,2,ext_chla,rfu,13.423800000000002,NA
2021-08-11,shubael,2,int,NA,1,ext_chla,rfu,10.2486,NA
2021-08-11,shubael,2,int,NA,2,ext_chla,rfu,11.217,NA
2021-08-11,shubael,3,int,NA,1,ext_chla,rfu,12.281000000000002,NA
2021-08-11,shubael,3,int,NA,2,ext_chla,rfu,12.545400000000004,NA
2021-08-11,shubael,4,int,NA,1,ext_chla,rfu,12.6786,NA
2021-08-11,shubael,4,int,NA,2,ext_chla,rfu,11.091400000000002,NA
2021-08-11,shubael,B,int,NA,1,ext_chla,rfu,12.4794,NA
2021-08-11,shubael,B,int,NA,2,ext_chla,rfu,13.056200000000002,NA
2021-08-11,shubael,B,int,NA,3,ext_chla,rfu,10.336200000000002,NA
2021-08-31,hamblin,1,int,NA,1,ext_chla,rfu,4.6066,NA
2021-08-31,hamblin,1,int,NA,2,ext_chla,rfu,4.5002,NA
2021-08-31,hamblin,2,int,NA,1,ext_chla,rfu,5.764200000000001,NA
2021-08-31,hamblin,2,int,NA,2,ext_chla,rfu,5.694200000000001,NA
2021-08-31,hamblin,3,int,NA,1,ext_chla,rfu,5.2414,NA
2021-08-31,hamblin,3,int,NA,2,ext_chla,rfu,5.1178,NA
2021-08-31,hamblin,4,int,NA,1,ext_chla,rfu,5.9162,NA
2021-08-31,hamblin,4,int,NA,2,ext_chla,rfu,5.699400000000001,NA
2021-08-31,hamblin,B,int,NA,1,ext_chla,rfu,4.7262,NA
2021-08-31,hamblin,B,int,NA,2,ext_chla,rfu,4.8306,NA
2021-08-31,hamblin,B,int,NA,3,ext_chla,rfu,4.401400000000001,NA
2021-08-31,shubael,1,int,NA,1,ext_chla,rfu,9.6698,NA
2021-08-31,shubael,1,int,NA,2,ext_chla,rfu,9.360600000000002,NA
2021-08-31,shubael,2,int,NA,1,ext_chla,rfu,11.2034,NA
2021-08-31,shubael,2,int,NA,2,ext_chla,rfu,10.653,NA
2021-08-31,shubael,3,int,NA,1,ext_chla,rfu,11.649399999999998,NA
2021-08-31,shubael,3,int,NA,2,ext_chla,rfu,11.933,NA
2021-08-31,shubael,4,int,NA,1,ext_chla,rfu,12.127,NA
2021-08-31,shubael,4,int,NA,2,ext_chla,rfu,12.1434,NA
2021-08-31,shubael,B,int,NA,1,ext_chla,rfu,11.2778,NA
2021-08-31,shubael,B,int,NA,2,ext_chla,rfu,11.546599999999998,NA
2021-08-31,shubael,B,int,NA,3,ext_chla,rfu,11.0522,NA
2021-09-15,hamblin,1,int,NA,1,ext_chla,rfu,8.861,NA
2021-09-15,hamblin,1,int,NA,2,ext_chla,rfu,8.8422,NA
2021-09-15,hamblin,2,int,NA,1,ext_chla,rfu,13.3618,NA
2021-09-15,hamblin,2,int,NA,2,ext_chla,rfu,13.253,NA
2021-09-15,hamblin,3,int,NA,1,ext_chla,rfu,12.239400000000002,NA
2021-09-15,hamblin,3,int,NA,2,ext_chla,rfu,11.9026,NA
2021-09-15,hamblin,4,int,NA,1,ext_chla,rfu,6.6286000000000005,NA
2021-09-15,hamblin,4,int,NA,2,ext_chla,rfu,7.0822,NA
2021-09-15,hamblin,B,int,NA,1,ext_chla,rfu,9.0666,NA
2021-09-15,hamblin,B,int,NA,2,ext_chla,rfu,9.2862,NA
2021-09-15,hamblin,B,int,NA,3,ext_chla,rfu,8.678600000000001,NA
2021-09-15,shubael,1,int,NA,1,ext_chla,rfu,10.176,NA
2021-09-15,shubael,1,int,NA,2,ext_chla,rfu,10.2496,NA
2021-09-15,shubael,2,int,NA,1,ext_chla,rfu,8.540000000000001,NA
2021-09-15,shubael,2,int,NA,2,ext_chla,rfu,8.18,NA
2021-09-15,shubael,3,int,NA,1,ext_chla,rfu,10.634,NA
2021-09-15,shubael,3,int,NA,2,ext_chla,rfu,10.3272,NA
2021-09-15,shubael,4,int,NA,1,ext_chla,rfu,9.9108,NA
2021-09-15,shubael,4,int,NA,2,ext_chla,rfu,9.5592,NA
2021-09-15,shubael,B,int,NA,1,ext_chla,rfu,9.9492,NA
2021-09-15,shubael,B,int,NA,2,ext_chla,rfu,9.9844,NA
2021-09-15,shubael,B,int,NA,3,ext_chla,rfu,10.9708,NA
2021-10-13,hamblin,B,int,NA,1,ext_chla,rfu,9.8266,NA
2021-10-13,hamblin,B,int,NA,2,ext_chla,rfu,9.1978,NA
2021-10-13,hamblin,B,int,NA,1,ext_chla,rfu,9.8106,NA
2021-10-13,shubael,B,int,NA,1,ext_chla,rfu,13.6902,NA
2021-10-13,shubael,B,int,NA,2,ext_chla,rfu,13.583000000000002,NA
2021-10-13,shubael,B,int,NA,1,ext_chla,rfu,13.445,NA
2021-11-04,hamblin,1,int,NA,1,ext_chla,rfu,6.831400000000001,NA
2021-11-04,hamblin,1,int,NA,2,ext_chla,rfu,6.7198,NA
2021-11-04,hamblin,2,int,NA,1,ext_chla,rfu,5.561,NA
2021-11-04,hamblin,2,int,NA,2,ext_chla,rfu,5.242600000000001,NA
2021-11-04,hamblin,3,int,NA,1,ext_chla,rfu,5.6238,NA
2021-11-04,hamblin,3,int,NA,2,ext_chla,rfu,5.267,NA
2021-11-04,hamblin,4,int,NA,1,ext_chla,rfu,6.1706,NA
2021-11-04,hamblin,4,int,NA,2,ext_chla,rfu,6.3486,NA
2021-11-04,hamblin,B,int,NA,1,ext_chla,rfu,4.7742000000000004,NA
2021-11-04,hamblin,B,int,NA,2,ext_chla,rfu,4.8102,NA
2021-11-04,hamblin,B,int,NA,3,ext_chla,rfu,4.3678,NA
2021-11-04,shubael,1,int,NA,1,ext_chla,rfu,40.3756,NA
2021-11-04,shubael,1,int,NA,2,ext_chla,rfu,40.9828,NA
2021-11-04,shubael,2,int,NA,1,ext_chla,rfu,41.44799999999999,NA
2021-11-04,shubael,2,int,NA,2,ext_chla,rfu,41.3828,NA
2021-11-04,shubael,3,int,NA,1,ext_chla,rfu,40.9576,NA
2021-11-04,shubael,3,int,NA,2,ext_chla,rfu,44.56719999999999,NA
2021-11-04,shubael,4,int,NA,1,ext_chla,rfu,40.9988,NA
2021-11-04,shubael,4,int,NA,2,ext_chla,rfu,40.616,NA
2021-11-04,shubael,B,int,NA,1,ext_chla,rfu,42.2808,NA
2021-11-04,shubael,B,int,NA,2,ext_chla,rfu,42.3208,NA
2021-11-04,shubael,B,int,NA,3,ext_chla,rfu,44.78679999999999,NA
2021-08-11,hamblin,1,int,NA,1,ext_chla,µg/L,1.5990300558115678,NA
2021-08-11,hamblin,1,int,NA,2,ext_chla,µg/L,1.6559230888678076,NA
2021-08-11,hamblin,2,int,NA,1,ext_chla,µg/L,1.5472731993506832,NA
2021-08-11,hamblin,2,int,NA,2,ext_chla,µg/L,1.5395689344576509,NA
2021-08-11,hamblin,3,int,NA,1,ext_chla,µg/L,1.6148336761049678,NA
2021-08-11,hamblin,3,int,NA,2,ext_chla,µg/L,1.6699488018781998,NA
2021-08-11,hamblin,4,int,NA,1,ext_chla,µg/L,1.4493895261584375,NA
2021-08-11,hamblin,4,int,NA,2,ext_chla,µg/L,1.2669564843965024,NA
2021-08-11,hamblin,B,int,NA,1,ext_chla,µg/L,1.3179231598427177,NA
2021-08-11,hamblin,B,int,NA,2,ext_chla,µg/L,1.4371417204310526,NA
2021-08-11,hamblin,B,int,NA,3,ext_chla,µg/L,1.2710061620966864,NA
2021-08-11,shubael,1,int,NA,1,ext_chla,µg/L,2.9995765180007163,NA
2021-08-11,shubael,1,int,NA,2,ext_chla,µg/L,3.3147599702272106,NA
2021-08-11,shubael,2,int,NA,1,ext_chla,µg/L,2.530702858420909,NA
2021-08-11,shubael,2,int,NA,2,ext_chla,µg/L,2.7698313879854157,NA
2021-08-11,shubael,3,int,NA,1,ext_chla,µg/L,3.0325665753631887,NA
2021-08-11,shubael,3,int,NA,2,ext_chla,µg/L,3.097855281700298,NA
2021-08-11,shubael,4,int,NA,1,ext_chla,µg/L,3.1307465664359357,NA
2021-08-11,shubael,4,int,NA,2,ext_chla,µg/L,2.7388167831596184,NA
2021-08-11,shubael,B,int,NA,1,ext_chla,µg/L,3.0815577982727285,NA
2021-08-11,shubael,B,int,NA,2,ext_chla,µg/L,3.223987926166995,NA
2021-08-11,shubael,B,int,NA,3,ext_chla,µg/L,2.5523340636975,NA
2021-08-31,hamblin,1,int,NA,1,ext_chla,µg/L,1.137514956930874,NA
2021-08-31,hamblin,1,int,NA,2,ext_chla,µg/L,1.1112414381930968,NA
2021-08-31,hamblin,2,int,NA,1,ext_chla,µg/L,1.423362938987745,NA
2021-08-31,hamblin,2,int,NA,2,ext_chla,µg/L,1.4060777292918385,NA
2021-08-31,hamblin,3,int,NA,1,ext_chla,µg/L,1.294267115716034,NA
2021-08-31,hamblin,3,int,NA,2,ext_chla,µg/L,1.2637463740244057,NA
2021-08-31,hamblin,4,int,NA,1,ext_chla,µg/L,1.4608965371845692,NA
2021-08-31,hamblin,4,int,NA,2,ext_chla,µg/L,1.4073617734406774,NA
2021-08-31,hamblin,B,int,NA,1,ext_chla,µg/L,1.1670479723541651,NA
2021-08-31,hamblin,B,int,NA,2,ext_chla,µg/L,1.192827627957774,NA
2021-08-31,hamblin,B,int,NA,3,ext_chla,µg/L,1.0868445993651608,NA
2021-08-31,shubael,1,int,NA,1,ext_chla,µg/L,2.387778867392473,NA
2021-08-31,shubael,1,int,NA,2,ext_chla,µg/L,2.311427626849985,NA
2021-08-31,shubael,2,int,NA,1,ext_chla,µg/L,2.7664731186730682,NA
2021-08-31,shubael,2,int,NA,2,ext_chla,µg/L,2.630561984149829,NA
2021-08-31,shubael,3,int,NA,1,ext_chla,µg/L,2.876604597592698,NA
2021-08-31,shubael,3,int,NA,2,ext_chla,µg/L,2.9466343900178265,NA
2021-08-31,shubael,4,int,NA,1,ext_chla,µg/L,2.994539114032195,NA
2021-08-31,shubael,4,int,NA,2,ext_chla,µg/L,2.998588791732379,NA
2021-08-31,shubael,B,int,NA,1,ext_chla,µg/L,2.7848448272641453,NA
2021-08-31,shubael,B,int,NA,2,ext_chla,µg/L,2.8512200324964243,NA
2021-08-31,shubael,B,int,NA,3,ext_chla,µg/L,2.729137065729911,NA
2021-09-15,hamblin,1,int,NA,1,ext_chla,µg/L,2.188060615934632,NA
2021-09-15,hamblin,1,int,NA,2,ext_chla,µg/L,2.183418302473446,NA
2021-09-15,hamblin,2,int,NA,1,ext_chla,µg/L,3.299450213067979,NA
2021-09-15,hamblin,2,int,NA,2,ext_chla,µg/L,3.272584058569199,NA
2021-09-15,hamblin,3,int,NA,1,ext_chla,µg/L,3.0222942221724787,NA
2021-09-15,hamblin,3,int,NA,2,ext_chla,µg/L,2.9391276703784617,NA
2021-09-15,hamblin,4,int,NA,1,ext_chla,µg/L,1.6368105855754769,NA
2021-09-15,hamblin,4,int,NA,2,ext_chla,µg/L,1.7488187444049488,NA
2021-09-15,hamblin,B,int,NA,1,ext_chla,µg/L,2.238829746127179,NA
2021-09-15,hamblin,B,int,NA,2,ext_chla,µg/L,2.2930559182589074,NA
2021-09-15,hamblin,B,int,NA,3,ext_chla,µg/L,2.1430202980984423,NA
2021-09-15,shubael,1,int,NA,1,ext_chla,µg/L,2.512775626650583,NA
2021-09-15,shubael,1,int,NA,2,ext_chla,µg/L,2.5309497899879925,NA
2021-09-15,shubael,2,int,NA,1,ext_chla,µg/L,2.108795582900548,NA
2021-09-15,shubael,2,int,NA,2,ext_chla,µg/L,2.019900218750174,NA
2021-09-15,shubael,3,int,NA,1,ext_chla,µg/L,2.625870284375225,NA
2021-09-15,shubael,3,int,NA,2,ext_chla,µg/L,2.55011167959374,NA
2021-09-15,shubael,4,int,NA,1,ext_chla,µg/L,2.447289375059807,NA
2021-09-15,shubael,4,int,NA,2,ext_chla,µg/L,2.3604682360729417,NA
2021-09-15,shubael,B,int,NA,1,ext_chla,µg/L,2.456771547235847,NA
2021-09-15,shubael,B,int,NA,2,ext_chla,µg/L,2.4654635383972168,NA
2021-09-15,shubael,B,int,NA,3,ext_chla,µg/L,2.7090368361692425,NA
2021-10-13,hamblin,B,int,NA,1,ext_chla,µg/L,2.426497737111303,NA
2021-10-13,hamblin,B,int,NA,2,ext_chla,µg/L,2.271227167728649,NA
2021-10-13,hamblin,B,int,NA,1,ext_chla,µg/L,2.422546832037953,NA
2021-10-13,shubael,B,int,NA,1,ext_chla,µg/L,3.3805425396984874,NA
2021-10-13,shubael,B,int,NA,2,ext_chla,µg/L,3.354071475707043,NA
2021-10-13,shubael,B,int,NA,1,ext_chla,µg/L,3.319994919449399,NA
2021-11-04,hamblin,1,int,NA,1,ext_chla,µg/L,1.686888307380188,NA
2021-11-04,hamblin,1,int,NA,2,ext_chla,µg/L,1.659330744493572,NA
2021-11-04,hamblin,2,int,NA,1,ext_chla,µg/L,1.3731864445562,NA
2021-11-04,hamblin,2,int,NA,2,ext_chla,µg/L,1.2945634335965357,NA
2021-11-04,hamblin,3,int,NA,1,ext_chla,µg/L,1.3886937469690983,NA
2021-11-04,hamblin,3,int,NA,2,ext_chla,µg/L,1.3005885638333945,NA
2021-11-04,hamblin,4,int,NA,1,ext_chla,µg/L,1.523715927850834,NA
2021-11-04,hamblin,4,int,NA,2,ext_chla,µg/L,1.5676697467918523,NA
2021-11-04,hamblin,B,int,NA,1,ext_chla,µg/L,1.178900687574215,NA
2021-11-04,hamblin,B,int,NA,2,ext_chla,µg/L,1.1877902239892524,NA
2021-11-04,hamblin,B,int,NA,3,ext_chla,µg/L,1.0785476987111258,NA
2021-11-04,shubael,1,int,NA,1,ext_chla,µg/L,9.970010179971824,NA
2021-11-04,shubael,1,int,NA,2,ext_chla,µg/L,10.119947027505454,NA
2021-11-04,shubael,2,int,NA,1,ext_chla,µg/L,10.234819592513103,NA
2021-11-04,shubael,2,int,NA,2,ext_chla,µg/L,10.218719654339203,NA
2021-11-04,shubael,3,int,NA,1,ext_chla,µg/L,10.113724352014929,NA
2021-11-04,shubael,3,int,NA,2,ext_chla,µg/L,11.00504853656268,NA
2021-11-04,shubael,4,int,NA,1,ext_chla,µg/L,10.123897932578805,NA
2021-11-04,shubael,4,int,NA,2,ext_chla,µg/L,10.029372528698904,NA
2021-11-04,shubael,B,int,NA,1,ext_chla,µg/L,10.440464201580973,NA
2021-11-04,shubael,B,int,NA,2,ext_chla,µg/L,10.450341464264346,NA
2021-11-04,shubael,B,int,NA,3,ext_chla,µg/L,11.059274708694408,NA
